ID,SKU,GTIN / EAN / UPC,MPN,Product Name (EN),Brand,Model Number,Category,Product Type,Condition,Product Name (AR),Short Description (AR),Key Features (AR) [JSON],Package Contents (AR),Weight (kg),Length (cm),Width (cm),Height (cm),Shipping Class,Dimension Confidence,Country of Origin,HS Code,Voltage,Regular Price (SAR),Sale Price (SAR),Cost Price FOB,Cost Currency,Landed Cost (SAR),MSRP,MAP Price,VAT Rate (%),Price Incl. VAT,Amazon SA Ref Price,Your Price vs Amazon (SAR),Your Price vs Amazon (%),Amazon Ref URL,Amazon Ref Date,Lifecycle Status,Replacement SKU,Release Date,EOL Date,Warranty (months),Warranty Type,Return Policy Days
42,GC-SW-ACC1,,,Adobe Creative Cloud 1 Year,,,Gift Cards & Software Keys,Digital,New,أدوبي كرييتف كلاود,"<p>اشتراك Adobe Creative Cloud لمدة سنة يوفر لك الوصول إلى مجموعة شاملة من أقوى أدوات التحرير والتصميم.</p>

    <section>
        <h2><strong>لماذا هذا المنتج؟</strong></h2>
        <ul>
            ",,,,,,,Digital - No Shipping,Digital,,,,2499,1999,,,,,,15,Yes,,,,,,Mainstream,,,,,,14
43,GC-SW-KTS1,,,Kaspersky Total Security 1 Year,,,Gift Cards & Software Keys,Digital,New,كاسبرسكي,"<p>كاسبرسكاي توتال سيركيتيون لعام واحد لحماية جهازك من الفيروسات والتهديدات بشكل شامل.</p>

    <h2><strong>لماذا هذا المنتج؟</strong></h2>
    <ul>
        <li>حماية متقدمة ضد الفيروسات والبرامج الخب",,,,,,,Digital - No Shipping,Digital,,,,149,119,,,,,,15,Yes,,,,,,Mainstream,,,,,,14
44,GC-APL-100,,,Apple Gift Card $100,,,Gift Cards & Software Keys,Digital,New,بطاقة آبل,"<p>بطاقة هدية Apple بقيمة 100 دولار أميركي لشراء منتجات متعددة.</p>

    <h2><strong>لماذا هذا المنتج؟</strong></h2>
    <ul style=""direction: rtl;"">
        <li>توفير قيمة 100 دولار أميركي لشراء منتج",,,,,,,Digital - No Shipping,Digital,,,,389,,,,,,,15,Yes,,,,,,Mainstream,,,,,,14
45,GC-GP-50,,,Google Play $50 Gift Card,,,Gift Cards & Software Keys,Digital,New,بطاقة قوقل بلاي,"<p>تمنحك بطاقة Google Play بقيمة 50 دولار إمكانية الشراء من متجر التطبيقات والألعاب والأفلام والمزيد.</p>

    <h2><strong>لماذا هذا المنتج؟</strong></h2>
    <ul>
        <li>مثالي لشراء التطبيقات وا",,,,,,,Digital - No Shipping,Digital,,,,199,,,,,,,15,Yes,,,,,,Mainstream,,,,,,14
46,GC-NFX-100,,,Netflix Gift Card $100,,,Gift Cards & Software Keys,Digital,New,بطاقة نتفلكس,"<p>تمنح بطاقة هدية Netflix بقيمة 100 دولار إمكانية الوصول إلى خدمات الترفيه عبر الإنترنت من Netflix.</p>

    <strong>لماذا هذا المنتج؟</strong>
    <ul>
        <li>صالح لجميع الحسابات على Netflix.</",,,,,,,Digital - No Shipping,Digital,,,,389,,,,,,,15,Yes,,,,,,Mainstream,,,,,,14
47,GC-XBX-GPU3,,,Xbox Game Pass Ultimate 3 Months,,,Gift Cards & Software Keys,Digital,New,قيم باس,"<p>اشتراك Xbox Game Pass Ultimate لمدة 3 أشهر، يوفر لك مكتبة ضخمة من الألعاب بالإضافة إلى خدمة EA Play و Xbox Live Gold.</p>

    <h2><strong>لماذا هذا المنتج؟</strong></h2>
    <ul style=""direction: ",,,,,,,Digital - No Shipping,Digital,,,,179,149,,,,,,15,Yes,,,,,,Mainstream,,,,,,14
48,GC-STM-50,,,Steam Wallet $50 Gift Card,,,Gift Cards & Software Keys,Digital,New,بطاقة ستيم,"<p>بطاقة هدية Steam Wallet بقيمة 50 دولارًا، تتيح لك شراء الألعاب والتحديثات وعناصر متجر Steam.</p>

    <h2><strong>لماذا هذا المنتج؟</strong></h2>
    <ul style=""direction: ltr;"">
        <li>تسهيل ",,,,,,,Digital - No Shipping,Digital,,,,199,,,,,,,15,Yes,,,,,,Mainstream,,,,,,14
49,GC-PSN-50,,,PlayStation Store $50 Gift Card,,,Gift Cards & Software Keys,Digital,New,بطاقة بلايستيشن,"<p>استمتع بتجربة الألعاب الإلكترونية المذهلة عبر PlayStation Store ببطاقة هدية قيمتها 50 دولار.</p>

    <h2><strong>لماذا هذا المنتج؟</strong></h2>
    <ul style=""direction: rtl;"">
        <li>يسمح ب",,,,,,,Digital - No Shipping,Digital,,,,199,,,,,,,15,Yes,,,,,,Mainstream,,,,,,14
50,GC-SW-OFF24,,,Microsoft Office 2024 Pro Plus,,,Gift Cards & Software Keys,Digital,New,أوفيس 2024 برو,"<p>مفتاح تفعيل Microsoft Office 2024 Pro Plus، يشمل Word, Excel, PowerPoint, و Outlook.</p>

    <strong>لماذا هذا المنتج؟</strong>
    <ul>
        <li>يحتوي على أحدث إصدارات برامج Microsoft الرئيسية",,,,,,,Digital - No Shipping,Digital,,,,399,349,,,,,,15,Yes,,,,,,Mainstream,,,,,,14
51,GC-SW-WIN11,,,Windows 11 Pro License Key,,,Gift Cards & Software Keys,Digital,New,مفتاح ويندوز 11 برو,"<p>مفتاح تفعيل أصلي لنظام التشغيل Windows 11 Professional، متوفر فورًا عبر البريد الإلكتروني.</p>
    <section>
        <h3><strong>لماذا هذا المنتج؟</strong></h3>
        <ul>
            <li>دعم الن",,,,,,,Digital - No Shipping,Digital,,,,249,199,,,,,,15,Yes,,,,,,Mainstream,,,,,,14
486,GC-PSN-US-10,,,PlayStation Store $10 (US),,,Gift Cards & Software Keys,Digital,New,بلايستيشن ستور 10 دولار (US),"<p>بطاقة بلايستيشن ستور بقيمة 10 دولار لمنطقة US. التسليم فوري عبر البريد الإلكتروني خلال دقائق من إتمام الدفع. الرمز يفعّل عبر التطبيق/المتجر الرسمي للبطاقة.</p>
<strong>لماذا هذا المنتج؟</strong>
<u",,,,,,,Digital - No Shipping,Unknown,,,,40,,,,,,,15,Yes,,,,,,Mainstream,,,,,,14
487,GC-PSN-US-25,,,PlayStation Store $25 (US),,,Gift Cards & Software Keys,Digital,New,بلايستيشن ستور 25 دولار (US),"<p>بطاقة بلايستيشن ستور بقيمة 25 دولار لمنطقة US، تُسهم في تجربة ترفيهية مميزة عبر متجر بلايستيشن الرسمي. تُسليم فورًا عبر البريد الإلكتروني بعد إتمام الدفع، مما يوفر لك سرعة وسهولة في الاستخدام.</p>
",,,,,,,Digital - No Shipping,Unknown,,,,100,,,,,,,15,Yes,,,,,,Mainstream,,,,,,14
488,GC-PSN-US-50,,,PlayStation Store $50 (US),,,Gift Cards & Software Keys,Digital,New,بلايستيشن ستور 50 دولار (US),"<p>بطاقة بلايستيشن ستور بقيمة 50 دولار أمريكي لمنطقة الولايات المتحدة. تُسليم فورًا عبر البريد الإلكتروني بعد إتمام الدفع، ويمكن تفعيلها مباشرة عبر التطبيق أو المتجر الرسمي للبطاقة.</p>
<strong>لماذا ",,,,,,,Digital - No Shipping,Unknown,,,,201,,,,,,,15,Yes,,,,,,Mainstream,,,,,,14
489,GC-PSN-US-100,,,PlayStation Store $100 (US),,,Gift Cards & Software Keys,Digital,New,بلايستيشن ستور 100 دولار (US),"<p>بطاقة بلايستيشن ستور بقيمة 100 دولار لمنطقة US. تصل إليك فورًا عبر البريد الإلكتروني بعد إتمام الدفع، ويمكن تفعيلها عبر التطبيق أو المتجر الرسمي للبطاقة.</p>
<strong>لماذا هذا المنتج؟</strong>
<ul>",,,,,,,Digital - No Shipping,Unknown,,,,401,,,,,,,15,Yes,,,,,,Mainstream,,,,,,14
490,GC-PSN-KSA-10,,,PlayStation Store $10 (KSA),,,Gift Cards & Software Keys,Digital,New,بلايستيشن ستور 10 دولار (KSA),"<p>بطاقة بلايستيشن ستور بقيمة 10 دولار لمنطقة KSA. تُسليم فورًا عبر البريد الإلكتروني بعد إتمام الدفع، مع تفعيل مباشر عبر التطبيق أو المتجر الرسمي.</p>  
<strong>لماذا هذا المنتج؟</strong>  
<ul>  
  ",,,,,,,Digital - No Shipping,Unknown,,,,50,,,,,,,15,Yes,38,12,31.6,https://www.amazon.sa/-/en/PlayStation-Network-Card-Account-Digital/dp/B0CHSK46HQ/ref=sr_1_1,2026-04-29,Mainstream,,,,,,14
491,GC-PSN-KSA-25,,,PlayStation Store $25 (KSA),,,Gift Cards & Software Keys,Digital,New,بلايستيشن ستور 25 دولار (KSA),"<p>بطاقة بلايستيشن ستور بقيمة 25 دولار لمنطقة المملكة العربية السعودية. تُسليم فورًا عبر البريد الإلكتروني بعد إتمام الدفع، وتُفعّل مباشرة عبر التطبيق أو المتجر الرسمي للبطاقة.</p>
<strong>لماذا هذا ا",,,,,,,Digital - No Shipping,Unknown,,,,100,,,,,,,15,Yes,,,,,,Mainstream,,,,,,14
492,GC-PSN-KSA-50,,,PlayStation Store $50 (KSA),,,Gift Cards & Software Keys,Digital,New,بلايستيشن ستور 50 دولار (KSA),<p>البطاقة الإلكترونية PlayStation Store بقيمة 50 دولار أمريكي تُعد خيارًا مثاليًا لشراء ألعاب وخدمات ترفيهية مباشرة من متجر بلايستيشن. تُسليم فورًا عبر البريد الإلكتروني بعد إتمام الدفع، مما يوفر لك ,,,,,,,Digital - No Shipping,Unknown,,,,240,,,,,,,15,Yes,189,51,27,https://www.amazon.sa/-/en/PlayStation-Network-Card-Account-Digital/dp/B0CHSK2SB8,2026-04-29,Mainstream,,,,,,14
493,GC-PSN-KSA-100,,,PlayStation Store $100 (KSA),,,Gift Cards & Software Keys,Digital,New,بلايستيشن ستور 100 دولار (KSA),"<p>بطاقة بلايستيشن ستور بقيمة 100 دولار لمنطقة المملكة العربية السعودية. تصل إلى بريدك الإلكتروني فورًا بعد الدفع، ويمكن تفعيلها عبر التطبيق أو المتجر الرسمي للبطاقة.</p>
<strong>لماذا هذا المنتج؟</st",,,,,,,Digital - No Shipping,Unknown,,,,470,,,,,,,15,Yes,375,95,25.3,https://www.amazon.sa/-/en/PlayStation-Network-Card-Account-Digital/dp/B0CHSK993J/ref=sr_1_1,2026-04-29,Mainstream,,,,,,14
494,GC-XBX-US-10,,,Xbox Live $10 (US),,,Gift Cards & Software Keys,Digital,New,إكس بوكس لايف 10 دولار (US),"<p>بطاقة إكس بوكس لايف بقيمة 10 دولار لمنطقة US. التسليم فوري عبر البريد الإلكتروني خلال دقائق من إتمام الدفع. الرمز يفعّل عبر التطبيق/المتجر الرسمي للبطاقة.</p>
<strong>لماذا هذا المنتج؟</strong>
<ul",,,,,,,Digital - No Shipping,Unknown,,,,40,,,,,,,15,Yes,,,,,,Mainstream,,,,,,14
495,GC-XBX-US-25,,,Xbox Live $25 (US),,,Gift Cards & Software Keys,Digital,New,إكس بوكس لايف 25 دولار (US),"<p>بطاقة إكس بوكس لايف بقيمة 25 دولار لمنطقة US. التسليم فوري عبر البريد الإلكتروني خلال دقائق من إتمام الدفع. الرمز يفعّل عبر التطبيق/المتجر الرسمي للبطاقة.</p>
<strong>لماذا هذا المنتج؟</strong>
<ul",,,,,,,Digital - No Shipping,Unknown,,,,100,,,,,,,15,Yes,,,,,,Mainstream,,,,,,14
496,GC-XBX-US-50,,,Xbox Live $50 (US),,,Gift Cards & Software Keys,Digital,New,إكس بوكس لايف 50 دولار (US),"<p>بطاقة إكس بوكس لايف بقيمة 50 دولار لمنطقة US، تُسليم فورًا عبر البريد الإلكتروني بعد إتمام الدفع، وتُفعّل عبر التطبيق أو المتجر الرسمي للبطاقة.</p>  
<strong>لماذا هذا المنتج؟</strong>  
<ul>  
<li",,,,,,,Digital - No Shipping,Unknown,,,,201,,,,,,,15,Yes,,,,,,Mainstream,,,,,,14
497,GC-XBX-US-100,,,Xbox Live $100 (US),,,Gift Cards & Software Keys,Digital,New,إكس بوكس لايف 100 دولار (US),"<p>بطاقة إكس بوكس لايف بقيمة 100 دولار لمنطقة US، تُقدّم تجربة ترفيهية مميزة عبر تفعيلها عبر التطبيق أو المتجر الرسمي، مع تسليم فوري عبر البريد الإلكتروني بعد إتمام الدفع.</p>  
<strong>لماذا هذا المن",,,,,,,Digital - No Shipping,Unknown,,,,401,,,,,,,15,Yes,,,,,,Mainstream,,,,,,14
498,GC-XBX-KSA-10,,,Xbox Live $10 (KSA),,,Gift Cards & Software Keys,Digital,New,إكس بوكس لايف 10 دولار (KSA),"<p>بطاقة إكس بوكس لايف بقيمة 10 دولار لمنطقة المملكة العربية السعودية. تُسليم فورًا عبر البريد الإلكتروني بعد إتمام الدفع، وتُفعّل مباشرة عبر التطبيق أو المتجر الرسمي للبطاقة.</p>
<strong>لماذا هذا ال",,,,,,,Digital - No Shipping,Unknown,,,,40,,,,,,,15,Yes,,,,,,Mainstream,,,,,,14
499,GC-XBX-KSA-25,,,Xbox Live $25 (KSA),,,Gift Cards & Software Keys,Digital,New,إكس بوكس لايف 25 دولار (KSA),"<p>بطاقة إكس بوكس لايف بقيمة 25 دولار لمنطقة KSA. تُسليم فورًا عبر البريد الإلكتروني خلال دقائق بعد إتمام الدفع. الرمز يفعّل عبر التطبيق/المتجر الرسمي للبطاقة.</p>
<strong>لماذا هذا المنتج؟</strong>
<",,,,,,,Digital - No Shipping,Unknown,,,,100,,,,,,,15,Yes,,,,,,Mainstream,,,,,,14
500,GC-XBX-KSA-50,,,Xbox Live $50 (KSA),,,Gift Cards & Software Keys,Digital,New,إكس بوكس لايف 50 دولار (KSA),"<p>بطاقة إكس بوكس لايف بقيمة 50 دولار لمنطقة KSA، تُقدّم تجربة ترفيهية مُباشرة عبر منصات Xbox. تُرسل عبر البريد الإلكتروني فورًا بعد الدفع، وتُفعّل بسهولة عبر التطبيق أو المتجر الرسمي.</p>  
<strong>ل",,,,,,,Digital - No Shipping,Unknown,,,,201,,,,,,,15,Yes,,,,,,Mainstream,,,,,,14
501,GC-XBX-KSA-100,,,Xbox Live $100 (KSA),,,Gift Cards & Software Keys,Digital,New,إكس بوكس لايف 100 دولار (KSA),"<p>بطاقة إكس بوكس لايف بقيمة 100 دولار لمنطقة المملكة العربية السعودية، تُوفر تجربة ترفيهية مميزة عبر منصات Xbox مع تسليم فوري عبر البريد الإلكتروني بعد إتمام الدفع.</p>
<strong>لماذا هذا المنتج؟</str",,,,,,,Digital - No Shipping,Unknown,,,,401,,,,,,,15,Yes,,,,,,Mainstream,,,,,,14
502,GC-XBX-UK-10,,,Xbox Live $10 (UK),,,Gift Cards & Software Keys,Digital,New,إكس بوكس لايف 10 دولار (UK),"<p>بطاقة إكس بوكس لايف بقيمة 10 دولار لمنطقة UK، تُسليم فورًا عبر البريد الإلكتروني بعد إتمام الدفع، وتُفعّل مباشرة عبر التطبيق أو المتجر الرسمي.</p>  
<strong>لماذا هذا المنتج؟</strong>  
<ul>  
<li>",,,,,,,Digital - No Shipping,Unknown,,,,40,,,,,,,15,Yes,,,,,,Mainstream,,,,,,14
503,GC-XBX-UK-25,,,Xbox Live $25 (UK),,,Gift Cards & Software Keys,Digital,New,إكس بوكس لايف 25 دولار (UK),"<p>بطاقة إكس بوكس لايف بقيمة 25 دولار لمنطقة UK، تُسليم فورًا عبر البريد الإلكتروني بعد إتمام الدفع، وتُفعّل مباشرة عبر التطبيق أو المتجر الرسمي للبطاقة.</p>
<strong>لماذا هذا المنتج؟</strong>
<ul>
<l",,,,,,,Digital - No Shipping,Unknown,,,,100,,,,,,,15,Yes,,,,,,Mainstream,,,,,,14
504,GC-XBX-UK-50,,,Xbox Live $50 (UK),,,Gift Cards & Software Keys,Digital,New,إكس بوكس لايف 50 دولار (UK),"<p>بطاقة إكس بوكس لايف بقيمة 50 دولار لمنطقة UK. يتم تسليمها فورًا عبر البريد الإلكتروني خلال دقائق من إتمام الدفع. الرمز يفعّل عبر التطبيق/المتجر الرسمي للبطاقة.</p>
<strong>لماذا هذا المنتج؟</strong",,,,,,,Digital - No Shipping,Unknown,,,,201,,,,,,,15,Yes,,,,,,Mainstream,,,,,,14
505,GC-XBX-UK-100,,,Xbox Live $100 (UK),,,Gift Cards & Software Keys,Digital,New,إكس بوكس لايف 100 دولار (UK),"<p>بطاقة إكس بوكس لايف بقيمة 100 دولار لمنطقة UK. تُسليم فورًا عبر البريد الإلكتروني بعد إتمام الدفع، مع إمكانية تفعيل الرمز عبر التطبيق أو المتجر الرسمي للبطاقة.</p>
<strong>لماذا هذا المنتج؟</strong",,,,,,,Digital - No Shipping,Unknown,,,,401,,,,,,,15,Yes,,,,,,Mainstream,,,,,,14
506,GC-STM-GLOBAL-5,,,Steam Wallet $5 (Global),,,Gift Cards & Software Keys,Digital,New,محفظة ستيم 5 دولار (Global),"<p>بطاقة محفظة ستيم بقيمة 5 دولارات لمنطقة Global، تُقدّم تجربة تسوق سلسة عبر تطبيق أو متجر رسمي. تُسهم في توسيع مكتبة الألعاب وتحقيق أهدافك الترفيهية بسهولة.</p>  
<strong>لماذا هذا المنتج؟</strong> ",,,,,,,Digital - No Shipping,Unknown,,,,20,,,,,,,15,Yes,,,,,,Mainstream,,,,,,14
507,GC-STM-GLOBAL-10,,,Steam Wallet $10 (Global),,,Gift Cards & Software Keys,Digital,New,محفظة ستيم 10 دولار (Global),"<p>بطاقة محفظة ستيم بقيمة 10 دولار لمنطقة Global. تصل إلى بريدك الإلكتروني فورًا بعد إتمام الدفع، وتُفعّل عبر التطبيق أو المتجر الرسمي للبطاقة.</p>
<strong>لماذا هذا المنتج؟</strong>
<ul>
<li>توصيل فو",,,,,,,Digital - No Shipping,Unknown,,,,40,,,,,,,15,Yes,,,,,,Mainstream,,,,,,14
508,GC-STM-GLOBAL-20,,,Steam Wallet $20 (Global),,,Gift Cards & Software Keys,Digital,New,محفظة ستيم 20 دولار (Global),"<p>بطاقة محفظة ستيم بقيمة 20 دولار لمنطقة Global. تُسليم فورًا عبر البريد الإلكتروني بعد إتمام الدفع، وتُفعّل مباشرة من خلال التطبيق أو المتجر الرسمي للبطاقة.</p>
<strong>لماذا هذا المنتج؟</strong>
<u",,,,,,,Digital - No Shipping,Unknown,,,,80,,,,,,,15,Yes,,,,,,Mainstream,,,,,,14
509,GC-STM-GLOBAL-50,,,Steam Wallet $50 (Global),,,Gift Cards & Software Keys,Digital,New,محفظة ستيم 50 دولار (Global),"<p>بطاقة محفظة ستيم بقيمة 50 دولار لمنطقة Global. تُسليم فورًا عبر البريد الإلكتروني بعد إتمام الدفع، ويمكن تفعيل الرمز مباشرة من خلال التطبيق أو المتجر الرسمي للبطاقة.</p>  
<strong>لماذا هذا المنتج؟",,,,,,,Digital - No Shipping,Unknown,,,,225,,,,,,,15,Yes,177,48,27.1,https://www.amazon.sa/-/en/GADGET-UPGRADE-gift-card-steam/dp/B00QZLVCU0,2026-04-29,Mainstream,,,,,,14
510,GC-STM-GLOBAL-100,,,Steam Wallet $100 (Global),,,Gift Cards & Software Keys,Digital,New,محفظة ستيم 100 دولار (Global),"<p>بطاقة محفظة ستيم بقيمة 100 دولار لمنطقة Global. تصل إلى بريدك الإلكتروني فورًا بعد الدفع، ويمكن تفعيلها مباشرة عبر التطبيق أو المتجر الرسمي للبطاقة.</p>
<strong>لماذا هذا المنتج؟</strong>
<ul>
<li",,,,,,,Digital - No Shipping,Unknown,,,,401,,,,,,,15,Yes,,,,,,Mainstream,,,,,,14
512,GC-RZR-GLOBAL-10,,,Razer Gold $10 (Global),,,Gift Cards & Software Keys,Digital,New,رازر قولد 10 دولار (Global),"<p>بطاقة رازر قولد بقيمة 10 دولار لمنطقة Global. تصل إلى بريدك الإلكتروني فورًا بعد إتمام الدفع، ويمكن تفعيلها عبر التطبيق الرسمي للبطاقة.</p>  
<strong>لماذا هذا المنتج؟</strong>  
<ul>  
  <li>توصيل",,,,,,,Digital - No Shipping,Unknown,,,,50,,,,,,,15,Yes,37,13,35.1,https://www.amazon.sa/-/en/Razer-Gold-Global-Digital-Code/dp/B0CPSDK6ZV/ref=sr_1_1,2026-04-29,Mainstream,,,,,,14
513,GC-RZR-GLOBAL-25,,,Razer Gold $25 (Global),,,Gift Cards & Software Keys,Digital,New,رازر قولد 25 دولار (Global),"<p>بطاقة رازر قولد بقيمة 25 دولار لمنطقة Global. تصل عبر البريد الإلكتروني فورًا بعد إتمام الدفع، وتُفعّل عبر التطبيق أو المتجر الرسمي للبطاقة.</p>  
<strong>لماذا هذا المنتج؟</strong>  
<ul>  
<li>تو",,,,,,,Digital - No Shipping,Unknown,,,,100,,,,,,,15,Yes,,,,,,Mainstream,,,,,,14
514,GC-RZR-GLOBAL-50,,,Razer Gold $50 (Global),,,Gift Cards & Software Keys,Digital,New,رازر قولد 50 دولار (Global),"<p>بطاقة رازر قولد بقيمة 50 دولار لمنطقة Global. يتم تسليمها فورًا عبر البريد الإلكتروني بعد إتمام الدفع، ويمكن تفعيلها عبر التطبيق أو المتجر الرسمي للبطاقة.</p>  
<strong>لماذا هذا المنتج؟</strong>  ",,,,,,,Digital - No Shipping,Unknown,,,,235,,,,,,,15,Yes,188,47,25,https://www.amazon.sa/-/en/Razer-Gold-Global-Digital-Code/dp/B0CPSMTCPY/ref=sr_1_1,2026-04-29,Mainstream,,,,,,14
515,GC-RZR-GLOBAL-100,,,Razer Gold $100 (Global),,,Gift Cards & Software Keys,Digital,New,رازر قولد 100 دولار (Global),"<p>بطاقة رازر قولد بقيمة 100 دولار لمنطقة Global. التسليم فوري عبر البريد الإلكتروني خلال دقائق من إتمام الدفع. الرمز يفعّل عبر التطبيق/المتجر الرسمي للبطاقة.</p>
<strong>لماذا هذا المنتج؟</strong>
<u",,,,,,,Digital - No Shipping,Unknown,,,,470,,,,,,,15,Yes,375,95,25.3,https://www.amazon.sa/-/en/Razer-Gold-Global-Digital-Code/dp/B0CPSBG7JH/ref=sr_1_1,2026-04-29,Mainstream,,,,,,14
517,GC-RBX-US-10,,,Roblox $10 (US),,,Gift Cards & Software Keys,Digital,New,روبلكس 10 دولار (US),"<p>بطاقة روبلكس بقيمة 10 دولار أمريكي لمنطقة الولايات المتحدة. يتم تسليمها فورًا عبر البريد الإلكتروني بعد إتمام الدفع، مع إمكانية تفعيل الرمز عبر التطبيق الرسمي لروبلوكس.</p>
<strong>ل",,,,,,,Digital - No Shipping,Unknown,,,,40,,,,,,,15,Yes,,,,,,Mainstream,,,,,,14
518,GC-RBX-US-25,,,Roblox $25 (US),,,Gift Cards & Software Keys,Digital,New,روبلكس 25 دولار (US),"<p>بطاقة روبلكس بقيمة 25 دولار أمريكي لمنطقة الولايات المتحدة. تُسليم فورًا عبر البريد الإلكتروني بعد إتمام الدفع، مع إمكانية تفعيل الرمز مباشرة عبر التطبيق أو المتجر الرسمي للبطاقة.</p>
<strong>لماذا",,,,,,,Digital - No Shipping,Unknown,,,,100,,,,,,,15,Yes,,,,,,Mainstream,,,,,,14
519,GC-RBX-US-50,,,Roblox $50 (US),,,Gift Cards & Software Keys,Digital,New,روبلكس 50 دولار (US),"<p>بطاقة روبلكس بقيمة 50 دولار أمريكي لمنطقة الولايات المتحدة. تُسليم فورًا عبر البريد الإلكتروني بعد إتمام الدفع، مع إمكانية تفعيل الرمز مباشرة من خلال التطبيق أو المتجر الرسمي للبطاقة.</p>
<strong>ل",,,,,,,Digital - No Shipping,Unknown,,,,201,,,,,,,15,Yes,,,,,,Mainstream,,,,,,14
520,GC-RBX-US-100,,,Roblox $100 (US),,,Gift Cards & Software Keys,Digital,New,روبلكس 100 دولار (US),"<p>بطاقة روبلكس بقيمة 100 دولار لمنطقة الولايات المتحدة تُستخدم لشراء محتوى داخل التطبيق. تُرسل عبر البريد الإلكتروني فورًا بعد الدفع، وتُفعّل مباشرة من خلال المتجر الرسمي للبطاقة.</p>
<strong>لماذا ه",,,,,,,Digital - No Shipping,Unknown,,,,401,,,,,,,15,Yes,,,,,,Mainstream,,,,,,14
522,GC-PBG-GLOBAL-60,,,PUBG Mobile UC 60 UC (Global),,,Gift Cards & Software Keys,Digital,New,ببجي موبايل UC 60 UC (Global),"<p>بطاقة ببجي موبايل UC بقيمة 60 UC لمنطقة Global، تُقدّم تجربة لعب مميزة بسرعة تحميل فورية عبر البريد الإلكتروني بعد إتمام الدفع.</p>  
<strong>لماذا هذا المنتج؟</strong>  
<ul>  
<li>توصيل فوري عبر ",,,,,,,Digital - No Shipping,Unknown,,,,5,,,,,,,15,Yes,,,,,,Mainstream,,,,,,14
523,GC-PBG-GLOBAL-325,,,PUBG Mobile UC 325 UC (Global),,,Gift Cards & Software Keys,Digital,New,ببجي موبايل UC 325 UC (Global),"<p>بطاقة ببجي موبايل UC بقيمة 325 UC لمنطقة Global. تصل إلى بريدك الإلكتروني فورًا بعد الدفع، ويمكن تفعيلها عبر التطبيق أو المتجر الرسمي للبطاقة.</p>  
<strong>لماذا هذا المنتج؟</strong>  
<ul>  
  <l",,,,,,,Digital - No Shipping,Unknown,,,,13,,,,,,,15,Yes,,,,,,Mainstream,,,,,,14
524,GC-PBG-GLOBAL-660,,,PUBG Mobile UC 660 UC (Global),,,Gift Cards & Software Keys,Digital,New,ببجي موبايل UC 660 UC (Global),"<p>بطاقة PUBG Mobile UC بقيمة 660 UC لمنطقة Global تُقدّم تجربة لعب مُميّزة بسرعة تفعيل وسهولة الاستخدام. تُرسل عبر البريد الإلكتروني فورًا بعد الدفع، وتُفعّل مباشرة عبر التطبيق أو المتجر الرسمي.</p>
",,,,,,,Digital - No Shipping,Unknown,,,,26,,,,,,,15,Yes,,,,,,Mainstream,,,,,,14
525,GC-PBG-GLOBAL-1800,,,PUBG Mobile UC 1800 UC (Global),,,Gift Cards & Software Keys,Digital,New,ببجي موبايل UC 1800 UC (Global),"<p>بطاقة ببجي موبايل UC بقيمة 1800 UC لمنطقة Global. تصل عبر البريد الإلكتروني فورًا بعد الدفع، وتُفعّل مباشرة عبر التطبيق أو المتجر الرسمي.</p>  
<strong>لماذا هذا المنتج؟</strong>  
<ul>  
<li>توصيل",,,,,,,Digital - No Shipping,Unknown,,,,72,,,,,,,15,Yes,,,,,,Mainstream,,,,,,14
526,GC-PBG-GLOBAL-3850,,,PUBG Mobile UC 3850 UC (Global),,,Gift Cards & Software Keys,Digital,New,ببجي موبايل UC 3850 UC (Global),"<p>بطاقة ببجي موبايل UC بقيمة 3850 UC لمنطقة Global. تصل إليك عبر البريد الإلكتروني فورًا بعد الدفع، ويمكن تفعيلها مباشرة من خلال التطبيق أو المتجر الرسمي للبطاقة.</p>  
<strong>لماذا هذا المنتج؟</str",,,,,,,Digital - No Shipping,Unknown,,,,154,,,,,,,15,Yes,,,,,,Mainstream,,,,,,14
528,GC-FRF-GLOBAL-100,,,Free Fire Diamonds 100 Diamonds (Global),,,Gift Cards & Software Keys,Digital,New,فري فاير الماس 100 Diamonds (Global),"<p>بطاقة Free Fire Diamonds بقيمة 100 ماس لمنطقة Global تُقدّم تجربة لعب مميزة. تُرسل عبر البريد الإلكتروني فورًا بعد الدفع، وتُفعّل مباشرة عبر التطبيق أو المتجر الرسمي للبطاقة.</p>  
<strong>لماذا هذ",,,,,,,Digital - No Shipping,Unknown,,,,5,,,,,,,15,Yes,,,,,,Mainstream,,,,,,14
529,GC-FRF-GLOBAL-310,,,Free Fire Diamonds 310 Diamonds (Global),,,Gift Cards & Software Keys,Digital,New,فري فاير الماس 310 Diamonds (Global),"<p>بطاقة فري فاير الماس بقيمة 310 ماس لمنطقة Global تُسهم في تحسين تجربة اللعب وتعزز فرص الفوز في ألعاب الفري فاير. تُقدّم تجربة سلسة وآمنة للاعبين عبر العالم.</p>  
<strong>لماذا هذا المنتج؟</strong>",,,,,,,Digital - No Shipping,Unknown,,,,12,,,,,,,15,Yes,,,,,,Mainstream,,,,,,14
530,GC-FRF-GLOBAL-1080,,,Free Fire Diamonds 1080 Diamonds (Global),,,Gift Cards & Software Keys,Digital,New,فري فاير الماس 1080 Diamonds (Global),"<p>بطاقة Free Fire Diamonds بقيمة 1080 ماس تُستخدم في منطقة Global، تُقدّم تجربة لعب مُميّزة عبر تفعيلها مباشرةً في التطبيق أو المتجر الرسمي. تُسليم فورًا عبر البريد الإلكتروني بعد إتمام الدفع.</p>  
",,,,,,,Digital - No Shipping,Unknown,,,,43,,,,,,,15,Yes,,,,,,Mainstream,,,,,,14
531,GC-FRF-GLOBAL-2200,,,Free Fire Diamonds 2200 Diamonds (Global),,,Gift Cards & Software Keys,Digital,New,فري فاير الماس 2200 Diamonds (Global),"<p>بطاقة فري فاير الماس بقيمة 2200 ماس لمنطقة Global. تصل إليك عبر البريد الإلكتروني فور إتمام الدفع، ويمكن تفعيلها مباشرة من خلال التطبيق أو المتجر الرسمي للبطاقة.</p>
<strong>لماذا هذا المنتج؟",,,,,,,Digital - No Shipping,Unknown,,,,88,,,,,,,15,Yes,,,,,,Mainstream,,,,,,14
533,GC-MLB-GLOBAL-86,,,Mobile Legends Diamonds 86 Diamonds (Global),,,Gift Cards & Software Keys,Digital,New,موبايل ليجندز الماس 86 Diamonds (Global),"<p>بطاقة Mobile Legends Diamonds بقيمة 86 دايموند لمنطقة Global. تُشحن فورًا عبر البريد الإلكتروني بعد إتمام الدفع، وتُفعّل مباشرة عبر التطبيق أو المتجر الرسمي للبطاقة.</p>
<strong>لماذا هذا المنتج؟</",,,,,,,Digital - No Shipping,Unknown,,,,5,,,,,,,15,Yes,,,,,,Mainstream,,,,,,14
534,GC-MLB-GLOBAL-172,,,Mobile Legends Diamonds 172 Diamonds (Global),,,Gift Cards & Software Keys,Digital,New,موبايل ليجندز الماس 172 Diamonds (Global),<p>بطاقة موبايل ليجندز الماس بقيمة 172 دايموند لمنطقة Global. تصل إلى بريدك الإلكتروني,,,,,,,Digital - No Shipping,Unknown,,,,7,,,,,,,15,Yes,,,,,,Mainstream,,,,,,14
535,GC-MLB-GLOBAL-706,,,Mobile Legends Diamonds 706 Diamonds (Global),,,Gift Cards & Software Keys,Digital,New,موبايل ليجندز الماس 706 Diamonds (Global),"<p>بطاقة Mobile Legends Diamonds بقيمة 706 Diamonds لمنطقة Global تُقدّم تجربة لعب مميزة بسرعة توصيل فورية عبر البريد الإلكتروني بعد إتمام الدفع.</p>
<strong>لماذا هذا المنتج؟</strong>
<ul>
<li>توصيل ",,,,,,,Digital - No Shipping,Unknown,,,,28,,,,,,,15,Yes,,,,,,Mainstream,,,,,,14
536,GC-MLB-GLOBAL-2195,,,Mobile Legends Diamonds 2195 Diamonds (Global),,,Gift Cards & Software Keys,Digital,New,موبايل ليجندز الماس 2195 Diamonds (Global),"<p>بطاقة موبايل ليجندز الماس بقيمة 2195 دايموند لمنطقة Global، تُسهم في تحسين تجربة اللعب عبر تفعيلها مباشرة عبر التطبيق أو المتجر الرسمي.</p>
<strong>لماذا هذا المنتج؟</strong>
<ul>
<li>توصيل فوري عب",,,,,,,Digital - No Shipping,Unknown,,,,88,,,,,,,15,Yes,,,,,,Mainstream,,,,,,14
537,GC-APL-US-10,,,Apple iTunes / App Store $10 (US),,,Gift Cards & Software Keys,Digital,New,بطاقة آبل أيتونز 10 دولار (US),"<p>بطاقة آبل أيتونز بقيمة 10 دولار لمنطقة الولايات المتحدة. تُسليم فورًا عبر البريد الإلكتروني بعد إتمام الدفع، وتُفعّل مباشرة عبر التطبيق أو المتجر الرسمي.</p>
<strong>لماذا هذا المنتج؟</strong>
<ul>",,,,,,,Digital - No Shipping,Unknown,,,,40,,,,,,,15,Yes,,,,,,Mainstream,,,,,,14
538,GC-APL-US-25,,,Apple iTunes / App Store $25 (US),,,Gift Cards & Software Keys,Digital,New,بطاقة آبل أيتونز 25 دولار (US),"<p>بطاقة آبل أيتونز بقيمة 25 دولار أمريكي لمنطقة الولايات المتحدة. تُسليم فورًا عبر البريد الإلكتروني بعد إتمام الدفع، ويمكن تفعيلها مباشرة عبر تطبيق آبل أو المتجر الرسمي.</p>
<strong>لماذا هذا المنتج",,,,,,,Digital - No Shipping,Unknown,,,,100,,,,,,,15,Yes,,,,,,Mainstream,,,,,,14
539,GC-APL-US-50,,,Apple iTunes / App Store $50 (US),,,Gift Cards & Software Keys,Digital,New,بطاقة آبل أيتونز 50 دولار (US),"<p>بطاقة Apple iTunes بقيمة 50 دولار لمنطقة US، تُسليم فورًا عبر البريد الإلكتروني بعد الدفع، وتُفعّل مباشرة عبر التطبيق أو المتجر الرسمي لبطاقة آبل.</p>  
<strong>لماذا هذا المنتج؟</strong>  
<ul>  
",,,,,,,Digital - No Shipping,Unknown,,,,201,,,,,,,15,Yes,,,,,,Mainstream,,,,,,14
540,GC-APL-US-100,,,Apple iTunes / App Store $100 (US),,,Gift Cards & Software Keys,Digital,New,بطاقة آبل أيتونز 100 دولار (US),<p>بطاقة Apple iTunes / App Store بقيمة 100 دولار أمريكي لمنطقة الولايات المتحدة. تُسليم فورًا عبر البريد الإلكتروني بعد إتمام الدفع، ويمكن تفعيل الرمز عبر التطبيق أو المتجر الرسمي لبطاقة Apple.</p>  ,,,,,,,Digital - No Shipping,Unknown,,,,401,,,,,,,15,Yes,,,,,,Mainstream,,,,,,14
541,GC-APL-KSA-10,,,Apple iTunes / App Store $10 (KSA),,,Gift Cards & Software Keys,Digital,New,بطاقة آبل أيتونز 10 دولار (KSA),"<p>بطاقة Apple iTunes / App Store بقيمة 10 دولار لمنطقة المملكة العربية السعودية. تصل إلى بريدك الإلكتروني فورًا بعد الدفع، ويمكن تفعيل الرمز عبر التطبيق أو المتجر الرسمي للبطاقة.</p>
<strong>لماذا هذ",,,,,,,Digital - No Shipping,Unknown,,,,40,,,,,,,15,Yes,,,,,,Mainstream,,,,,,14
542,GC-APL-KSA-25,,,Apple iTunes / App Store $25 (KSA),,,Gift Cards & Software Keys,Digital,New,بطاقة آبل أيتونز 25 دولار (KSA),"<p>بطاقة آبل أيتونز بقيمة 25 دولار لمنطقة المملكة العربية السعودية. تصل إلى بريدك الإلكتروني فورًا بعد الدفع، ويمكن تفعيلها عبر التطبيق أو المتجر الرسمي.</p>  
<strong>لماذا هذا المنتج؟</strong>  
<ul",,,,,,,Digital - No Shipping,Unknown,,,,100,,,,,,,15,Yes,,,,,,Mainstream,,,,,,14
543,GC-APL-KSA-50,,,Apple iTunes / App Store $50 (KSA),,,Gift Cards & Software Keys,Digital,New,بطاقة آبل أيتونز 50 دولار (KSA),"<p>بطاقة Apple iTunes / App Store بقيمة 50 دولار أمريكي لمنطقة المملكة العربية السعودية. تُسليم فورًا عبر البريد الإلكتروني بعد إتمام الدفع، وتُفعّل مباشرة عبر التطبيق أو المتجر الرسمي.</p>  
<strong>",,,,,,,Digital - No Shipping,Unknown,,,,201,,,,,,,15,Yes,,,,,,Mainstream,,,,,,14
544,GC-APL-KSA-100,,,Apple iTunes / App Store $100 (KSA),,,Gift Cards & Software Keys,Digital,New,بطاقة آبل أيتونز 100 دولار (KSA),"<p>بطاقة Apple iTunes/App Store بقيمة 100 دولار لمنطقة المملكة العربية السعودية. تُسليم فورًا عبر البريد الإلكتروني بعد إتمام الدفع، مما يوفر لك تجربة سلسة وسريعة.</p>  
<strong>لماذا هذا المنتج؟</str",,,,,,,Digital - No Shipping,Unknown,,,,401,,,,,,,15,Yes,,,,,,Mainstream,,,,,,14
545,GC-GP-US-10,,,Google Play $10 (US),,,Gift Cards & Software Keys,Digital,New,قوقل بلاي 10 دولار (US),"<p>بطاقة قوقل بلاي بقيمة 10 دولار لمنطقة US. تُسليم فورًا عبر البريد الإلكتروني بعد إتمام الدفع، مع إمكانية تفعيل الرمز عبر التطبيق أو المتجر الرسمي.</p>
<strong>لماذا هذا المنتج؟</strong>
<ul>
<li>تو",,,,,,,Digital - No Shipping,Unknown,,,,40,,,,,,,15,Yes,,,,,,Mainstream,,,,,,14
546,GC-GP-US-25,,,Google Play $25 (US),,,Gift Cards & Software Keys,Digital,New,قوقل بلاي 25 دولار (US),<p>بطاقة Google Play بقيمة 25 دولار أمريكي (US) تُشحن فورًا عبر البريد الإلكتروني خلال دقائق بعد إتمام الدفع. يمكن تفعيل الرمز عبر التطبيق أو المتجر الرسمي للبطاقة.</p>,,,,,,,Digital - No Shipping,Unknown,,,,100,,,,,,,15,Yes,,,,,,Mainstream,,,,,,14
547,GC-GP-US-50,,,Google Play $50 (US),,,Gift Cards & Software Keys,Digital,New,قوقل بلاي 50 دولار (US),<p>بطاقة قوقل بلاي بقيمة 50 دولار لمنطقة US. يتم تسليمها فورًا عبر البريد الإلكتروني خلال دقائق من إتمام الدفع. الرمز يفعّل,,,,,,,Digital - No Shipping,Unknown,,,,201,,,,,,,15,Yes,,,,,,Mainstream,,,,,,14
548,GC-GP-US-100,,,Google Play $100 (US),,,Gift Cards & Software Keys,Digital,New,قوقل بلاي 100 دولار (US),"<p>بطاقة قوقل بلاي بقيمة 100 دولار لمنطقة US. يتم تسليمها فورًا عبر البريد الإلكتروني خلال دقائق من إتمام الدفع. يمكن تفعيل الرمز عبر التطبيق/المتجر الرسمي للبطاقة.</p>
<strong>لماذا هذا المنتج؟</stro",,,,,,,Digital - No Shipping,Unknown,,,,401,,,,,,,15,Yes,,,,,,Mainstream,,,,,,14
549,GC-GP-KSA-10,,,Google Play $10 (KSA),,,Gift Cards & Software Keys,Digital,New,قوقل بلاي 10 دولار (KSA),<p>بطاقة قوقل بلاي بقيمة 10 دولار تُستخدم في منطقة KSA، تُقدّم تجربة شراء سريعة وآمنة عبر البريد الإلكتروني بعد إتمام الدفع. تُمكّنك من شراء تطبيقات وخدمات بسهولة من خلال التطبيق أو المتجر الرسمي.</p>,,,,,,,Digital - No Shipping,Unknown,,,,40,,,,,,,15,Yes,,,,,,Mainstream,,,,,,14
550,GC-GP-KSA-25,,,Google Play $25 (KSA),,,Gift Cards & Software Keys,Digital,New,قوقل بلاي 25 دولار (KSA),"<p>بطاقة قوقل بلاي بقيمة 25 دولار لمنطقة KSA. تُسليم فورًا عبر البريد الإلكتروني بعد إتمام الدفع، ويمكن تفعيل الرمز مباشرة عبر التطبيق أو المتجر الرسمي للبطاقة.</p>
<strong>لماذا هذا المنتج؟</strong>
",,,,,,,Digital - No Shipping,Unknown,,,,100,,,,,,,15,Yes,,,,,,Mainstream,,,,,,14
551,GC-GP-KSA-50,,,Google Play $50 (KSA),,,Gift Cards & Software Keys,Digital,New,قوقل بلاي 50 دولار (KSA),<p>بطاقة إلكترونية Google Play بقيمة 50 دولار أمريكي مخصصة لمنطقة المملكة العربية السعودية. تُسليم فورًا عبر البريد الإلكتروني بعد إتمام الدفع، مما يضمن استلامك للرمز فورًا لتفعيلها عبر التطبيق الرسمي,,,,,,,Digital - No Shipping,Unknown,,,,201,,,,,,,15,Yes,,,,,,Mainstream,,,,,,14
552,GC-GP-KSA-100,,,Google Play $100 (KSA),,,Gift Cards & Software Keys,Digital,New,قوقل بلاي 100 دولار (KSA),"<p>بطاقة قوقل بلاي بقيمة 100 دولار لمنطقة KSA. تصل إلى بريدك الإلكتروني فورًا خلال دقائق بعد إتمام الدفع. يتم تفعيل الرمز عبر التطبيق/المتجر الرسمي للبطاقة.</p>
<strong>لماذا هذا المنتج؟</strong>
<ul>",,,,,,,Digital - No Shipping,Unknown,,,,401,,,,,,,15,Yes,,,,,,Mainstream,,,,,,14
560,GC-SPF-GLOBAL-30,,,Spotify Premium $30 (Global),,,Gift Cards & Software Keys,Digital,New,سبوتيفاي بريميوم 30 دولار (Global),"<p>بطاقة سبوتيفاي بريميوم بقيمة 30 دولار لمنطقة Global. تصل إليك عبر البريد الإلكتروني فور إتمام الدفع، وتُفعّل مباشرة عبر التطبيق أو المتجر الرسمي.</p>
<strong>لماذا هذا المنتج؟</strong>
<ul>
<li>الت",,,,,,,Digital - No Shipping,Unknown,,,,120,,,,,,,15,Yes,,,,,,Mainstream,,,,,,14
561,GC-SPF-GLOBAL-60,,,Spotify Premium $60 (Global),,,Gift Cards & Software Keys,Digital,New,سبوتيفاي بريميوم 60 دولار (Global),"<p>بطاقة سبوتيفاي بريميوم بقيمة 60 دولار لمنطقة Global. تصل إلى بريدك الإلكتروني فورًا بعد إتمام الدفع، وتُفعّل عبر التطبيق أو المتجر الرسمي للبطاقة.</p>
<strong>لماذا هذا المنتج؟</strong>
<ul>
<li>قي",,,,,,,Digital - No Shipping,Unknown,,,,241,,,,,,,15,Yes,,,,,,Mainstream,,,,,,14
562,GC-SPF-GLOBAL-99,,,Spotify Premium $99 (Global),,,Gift Cards & Software Keys,Digital,New,سبوتيفاي بريميوم 99 دولار (Global),"<p>بطاقة سبوتيفاي بريميوم بقيمة 99 دولار لمنطقة Global. التسليم فوري عبر البريد الإلكتروني خلال دقائق من إتمام الدفع. الرمز يفعّل عبر التطبيق/المتجر الرسمي للبطاقة.</p>
<strong>لماذا هذا المنتج؟</stro",,,,,,,Digital - No Shipping,Unknown,,,,397,,,,,,,15,Yes,,,,,,Mainstream,,,,,,14
564,GC-DSP-US-25,,,Disney+ $25 (US),,,Gift Cards & Software Keys,Digital,New,ديزني بلس 25 دولار (US),"<p>بطاقة ديزني بلس بقيمة 25 دولار لمنطقة US. تصل إلى بريدك الإلكتروني فورًا بعد إتمام الدفع، ويمكن تفعيلها مباشرة عبر التطبيق أو المتجر الرسمي للبطاقة.</p>
<strong>لماذا هذا المنتج؟</strong>
<ul>
<li>",,,,,,,Digital - No Shipping,Unknown,,,,100,,,,,,,15,Yes,,,,,,Mainstream,,,,,,14
565,GC-DSP-US-80,,,Disney+ $80 (US),,,Gift Cards & Software Keys,Digital,New,ديزني بلس 80 دولار (US),"<p>بطاقة ديزني بلس بقيمة 80 دولار أمريكي لمنطقة الولايات المتحدة. تُسليم فورًا عبر البريد الإلكتروني بعد إتمام الدفع، ويمكن تفعيلها مباشرة عبر التطبيق أو المتجر الرسمي للبطاقة.</p>
<strong>لماذا هذا ا",,,,,,,Digital - No Shipping,Unknown,,,,321,,,,,,,15,Yes,,,,,,Mainstream,,,,,,14
567,GC-PSP-US-1,,,PlayStation Plus 1 Months (US),,,Gift Cards & Software Keys,Digital,New,بلايستيشن بلس 1 Months (US),"<p>بطاقة بلايستيشن بلس بقيمة شهر واحد لمنطقة الولايات المتحدة. تصل إليك عبر البريد الإلكتروني فورًا بعد الدفع، ويمكنك تفعيل الرمز عبر التطبيق أو المتجر الرسمي للبطاقة.</p>
<strong>لماذا هذا المنتج؟</s",,,,,,,Digital - No Shipping,Unknown,,,,5,,,,,,,15,Yes,,,,,,Mainstream,,,,,,14
568,GC-PSP-US-3,,,PlayStation Plus 3 Months (US),,,Gift Cards & Software Keys,Digital,New,بلايستيشن بلس 3 Months (US),"<p>بطاقة بلايستيشن بلس بقيمة 3 أشهر لمنطقة الولايات المتحدة. تصل إليك فورًا عبر البريد الإلكتروني بعد إتمام الدفع. تفعيل الرمز عبر التطبيق الرسمي للبطاقة.</p>
<strong>لماذا هذا المنتج؟</strong>
<ul>
<",,,,,,,Digital - No Shipping,Unknown,,,,5,,,,,,,15,Yes,,,,,,Mainstream,,,,,,14
569,GC-PSP-US-12,,,PlayStation Plus 12 Months (US),,,Gift Cards & Software Keys,Digital,New,بلايستيشن بلس 12 Months (US),"<p>بطاقة بلايستيشن بلس بقيمة 12 شهرًا لمنطقة الولايات المتحدة. تُسليم فورًا عبر البريد الإلكتروني بعد إتمام الدفع، وتُفعّل مباشرة عبر التطبيق أو المتجر الرسمي للبطاقة.</p>  
<strong>لماذا هذا المنتج؟<",,,,,,,Digital - No Shipping,Unknown,,,,5,,,,,,,15,Yes,,,,,,Mainstream,,,,,,14
570,GC-PSP-KSA-1,,,PlayStation Plus 1 Months (KSA),,,Gift Cards & Software Keys,Digital,New,بلايستيشن بلس 1 Months (KSA),"<p>بطاقة بلايستيشن بلس بقيمة شهر واحد لمنطقة المملكة العربية السعودية. تصل إليك فورًا عبر البريد الإلكتروني بعد إتمام الدفع، ويمكنك تفعيل الرمز عبر التطبيق الرسمي للبطاقة.</p>  
<strong>لماذا هذا المن",,,,,,,Digital - No Shipping,Unknown,,,,5,,,,,,,15,Yes,,,,,,Mainstream,,,,,,14
571,GC-PSP-KSA-3,,,PlayStation Plus 3 Months (KSA),,,Gift Cards & Software Keys,Digital,New,بلايستيشن بلس 3 Months (KSA),"<p>بطاقة بلايستيشن بلس بقيمة 3 أشهر لمنطقة المملكة العربية السعودية. تُسليم فورًا عبر البريد الإلكتروني بعد إتمام الدفع، وتُفعّل مباشرة عبر التطبيق أو المتجر الرسمي للبطاقة.</p>  
<strong>لماذا هذا ال",,,,,,,Digital - No Shipping,Unknown,,,,5,,,,,,,15,Yes,,,,,,Mainstream,,,,,,14
572,GC-PSP-KSA-12,,,PlayStation Plus 12 Months (KSA),,,Gift Cards & Software Keys,Digital,New,بلايستيشن بلس 12 Months (KSA),"<p>بطاقة بلايستيشن بلس بقيمة 12 شهرًا لمنطقة المملكة العربية السعودية. تُسليم فورًا عبر البريد الإلكتروني بعد إتمام الدفع، وتُفعّل مباشرة عبر التطبيق أو المتجر الرسمي للبطاقة.</p>  
<strong>لماذا هذا ",,,,,,,Digital - No Shipping,Unknown,,,,5,,,,,,,15,Yes,,,,,,Mainstream,,,,,,14
